{
  "split_used": "validation",
  "objective": "f1_minus_0.5_fpr",
  "ras_threshold": 0.3,
  "gis_threshold": 0.9,
  "dualrisk_threshold": 0.3,
  "cluster_threshold": 1.2,
  "causal_threshold": 0.6,
  "cluster_causal_threshold": 0.9,
  "source_anomaly_lambda": 0.0,
  "created_at": "2026-06-28T03:50:25.617460+00:00",
  "validation_note": "",
  "validation_metrics": {
    "ras_only": {
      "TP": 10,
      "FP": 25,
      "TN": 6,
      "FN": 4,
      "Precision": 0.2857142857142857,
      "Recall": 0.7142857142857143,
      "F1": 0.40816326530612246,
      "False Positive Rate": 0.8064516129032258,
      "undefined": {
        "Precision": null,
        "Recall": null,
        "False Positive Rate": null
      }
    },
    "gis_only": {
      "TP": 8,
      "FP": 17,
      "TN": 14,
      "FN": 6,
      "Precision": 0.32,
      "Recall": 0.5714285714285714,
      "F1": 0.41025641025641024,
      "False Positive Rate": 0.5483870967741935,
      "undefined": {
        "Precision": null,
        "Recall": null,
        "False Positive Rate": null
      }
    },
    "dualrisk": {
      "TP": 8,
      "FP": 17,
      "TN": 14,
      "FN": 6,
      "Precision": 0.32,
      "Recall": 0.5714285714285714,
      "F1": 0.41025641025641024,
      "False Positive Rate": 0.5483870967741935,
      "undefined": {
        "Precision": null,
        "Recall": null,
        "False Positive Rate": null
      }
    },
    "dualrisk_cluster": {
      "TP": 8,
      "FP": 17,
      "TN": 14,
      "FN": 6,
      "Precision": 0.32,
      "Recall": 0.5714285714285714,
      "F1": 0.41025641025641024,
      "False Positive Rate": 0.5483870967741935,
      "undefined": {
        "Precision": null,
        "Recall": null,
        "False Positive Rate": null
      }
    },
    "dualrisk_causal": {
      "TP": 8,
      "FP": 2,
      "TN": 29,
      "FN": 6,
      "Precision": 0.8,
      "Recall": 0.5714285714285714,
      "F1": 0.6666666666666666,
      "False Positive Rate": 0.06451612903225806,
      "undefined": {
        "Precision": null,
        "Recall": null,
        "False Positive Rate": null
      }
    },
    "full_method": {
      "TP": 8,
      "FP": 2,
      "TN": 29,
      "FN": 6,
      "Precision": 0.8,
      "Recall": 0.5714285714285714,
      "F1": 0.6666666666666666,
      "False Positive Rate": 0.06451612903225806,
      "undefined": {
        "Precision": null,
        "Recall": null,
        "False Positive Rate": null
      }
    }
  }
}