{
  "cluster_poison": {
    "chunk_metrics": {
      "ras_only": {
        "TP": 328,
        "FP": 64,
        "TN": 20,
        "FN": 92,
        "Precision": 0.8367346938775511,
        "Recall": 0.780952380952381,
        "F1": 0.8078817733990147,
        "False Positive Rate": 0.7619047619047619
      },
      "gis_only": {
        "TP": 165,
        "FP": 64,
        "TN": 20,
        "FN": 255,
        "Precision": 0.7205240174672489,
        "Recall": 0.39285714285714285,
        "F1": 0.5084745762711864,
        "False Positive Rate": 0.7619047619047619
      },
      "dualrisk": {
        "TP": 280,
        "FP": 64,
        "TN": 20,
        "FN": 140,
        "Precision": 0.813953488372093,
        "Recall": 0.6666666666666666,
        "F1": 0.7329842931937173,
        "False Positive Rate": 0.7619047619047619
      },
      "dualrisk_cluster": {
        "TP": 420,
        "FP": 64,
        "TN": 20,
        "FN": 0,
        "Precision": 0.8677685950413223,
        "Recall": 1.0,
        "F1": 0.9292035398230089,
        "False Positive Rate": 0.7619047619047619
      }
    },
    "scenario_metrics": {
      "scenario_count": 84,
      "Retrieval Attack Success": 1.0,
      "Answer Attack Success": 0.09523809523809523,
      "Cluster Detection Rate": 1.0
    }
  },
  "hallucination_clean": {
    "chunk_metrics": {
      "ras_only": {
        "TP": 0,
        "FP": 84,
        "TN": 0,
        "FN": 0,
        "Precision": 0.0,
        "Recall": 0.0,
        "F1": 0.0,
        "False Positive Rate": 1.0
      },
      "gis_only": {
        "TP": 0,
        "FP": 84,
        "TN": 0,
        "FN": 0,
        "Precision": 0.0,
        "Recall": 0.0,
        "F1": 0.0,
        "False Positive Rate": 1.0
      },
      "dualrisk": {
        "TP": 0,
        "FP": 84,
        "TN": 0,
        "FN": 0,
        "Precision": 0.0,
        "Recall": 0.0,
        "F1": 0.0,
        "False Positive Rate": 1.0
      },
      "dualrisk_cluster": {
        "TP": 0,
        "FP": 84,
        "TN": 0,
        "FN": 0,
        "Precision": 0.0,
        "Recall": 0.0,
        "F1": 0.0,
        "False Positive Rate": 1.0
      }
    },
    "scenario_metrics": {
      "scenario_count": 84,
      "Retrieval Attack Success": 0.0,
      "Answer Attack Success": 0.0,
      "Cluster Detection Rate": 0.0
    }
  },
  "prompt_infection": {
    "chunk_metrics": {
      "ras_only": {
        "TP": 128,
        "FP": 0,
        "TN": 0,
        "FN": 16,
        "Precision": 1.0,
        "Recall": 0.8888888888888888,
        "F1": 0.9411764705882353,
        "False Positive Rate": 0.0
      },
      "gis_only": {
        "TP": 116,
        "FP": 0,
        "TN": 0,
        "FN": 28,
        "Precision": 1.0,
        "Recall": 0.8055555555555556,
        "F1": 0.8923076923076924,
        "False Positive Rate": 0.0
      },
      "dualrisk": {
        "TP": 116,
        "FP": 0,
        "TN": 0,
        "FN": 28,
        "Precision": 1.0,
        "Recall": 0.8055555555555556,
        "F1": 0.8923076923076924,
        "False Positive Rate": 0.0
      },
      "dualrisk_cluster": {
        "TP": 132,
        "FP": 0,
        "TN": 0,
        "FN": 12,
        "Precision": 1.0,
        "Recall": 0.9166666666666666,
        "F1": 0.9565217391304348,
        "False Positive Rate": 0.0
      }
    },
    "scenario_metrics": {
      "scenario_count": 72,
      "Retrieval Attack Success": 0.6666666666666666,
      "Answer Attack Success": 0.4861111111111111,
      "Cluster Detection Rate": 1.0
    }
  },
  "single_poison": {
    "chunk_metrics": {
      "ras_only": {
        "TP": 24,
        "FP": 84,
        "TN": 0,
        "FN": 0,
        "Precision": 0.2222222222222222,
        "Recall": 1.0,
        "F1": 0.3636363636363636,
        "False Positive Rate": 1.0
      },
      "gis_only": {
        "TP": 12,
        "FP": 84,
        "TN": 0,
        "FN": 12,
        "Precision": 0.125,
        "Recall": 0.5,
        "F1": 0.2,
        "False Positive Rate": 1.0
      },
      "dualrisk": {
        "TP": 24,
        "FP": 84,
        "TN": 0,
        "FN": 0,
        "Precision": 0.2222222222222222,
        "Recall": 1.0,
        "F1": 0.3636363636363636,
        "False Positive Rate": 1.0
      },
      "dualrisk_cluster": {
        "TP": 24,
        "FP": 84,
        "TN": 0,
        "FN": 0,
        "Precision": 0.2222222222222222,
        "Recall": 1.0,
        "F1": 0.3636363636363636,
        "False Positive Rate": 1.0
      }
    },
    "scenario_metrics": {
      "scenario_count": 84,
      "Retrieval Attack Success": 0.2857142857142857,
      "Answer Attack Success": 0.0,
      "Cluster Detection Rate": 0.0
    }
  },
  "overall": {
    "chunk_metrics": {
      "ras_only": {
        "TP": 480,
        "FP": 232,
        "TN": 20,
        "FN": 108,
        "Precision": 0.6741573033707865,
        "Recall": 0.8163265306122449,
        "F1": 0.7384615384615386,
        "False Positive Rate": 0.9206349206349206
      },
      "gis_only": {
        "TP": 293,
        "FP": 232,
        "TN": 20,
        "FN": 295,
        "Precision": 0.5580952380952381,
        "Recall": 0.49829931972789115,
        "F1": 0.5265049415992812,
        "False Positive Rate": 0.9206349206349206
      },
      "dualrisk": {
        "TP": 420,
        "FP": 232,
        "TN": 20,
        "FN": 168,
        "Precision": 0.6441717791411042,
        "Recall": 0.7142857142857143,
        "F1": 0.6774193548387096,
        "False Positive Rate": 0.9206349206349206
      },
      "dualrisk_cluster": {
        "TP": 576,
        "FP": 232,
        "TN": 20,
        "FN": 12,
        "Precision": 0.7128712871287128,
        "Recall": 0.9795918367346939,
        "F1": 0.8252148997134671,
        "False Positive Rate": 0.9206349206349206
      }
    },
    "scenario_metrics": {
      "scenario_count": 324,
      "Retrieval Attack Success": 0.48148148148148145,
      "Answer Attack Success": 0.13271604938271606,
      "Cluster Detection Rate": 1.0
    }
  }
}