{
  "ras_only": {
    "TP": 480,
    "FP": 232,
    "TN": 20,
    "FN": 108,
    "Precision": 0.6741573033707865,
    "Recall": 0.8163265306122449,
    "F1": 0.7384615384615386,
    "False Positive Rate": 0.9206349206349206
  },
  "gis_only": {
    "TP": 293,
    "FP": 232,
    "TN": 20,
    "FN": 295,
    "Precision": 0.5580952380952381,
    "Recall": 0.49829931972789115,
    "F1": 0.5265049415992812,
    "False Positive Rate": 0.9206349206349206
  },
  "dualrisk": {
    "TP": 420,
    "FP": 232,
    "TN": 20,
    "FN": 168,
    "Precision": 0.6441717791411042,
    "Recall": 0.7142857142857143,
    "F1": 0.6774193548387096,
    "False Positive Rate": 0.9206349206349206
  },
  "dualrisk_cluster": {
    "TP": 576,
    "FP": 232,
    "TN": 20,
    "FN": 12,
    "Precision": 0.7128712871287128,
    "Recall": 0.9795918367346939,
    "F1": 0.8252148997134671,
    "False Positive Rate": 0.9206349206349206
  }
}