{
  "split_used": "validation",
  "objective": "f1_minus_0.5_fpr",
  "ras_threshold": 0.9,
  "gis_threshold": 0.5,
  "dualrisk_threshold": 0.45,
  "cluster_threshold": 1.2,
  "source_anomaly_lambda": 1.0,
  "created_at": "2026-06-28T03:31:20.847038+00:00",
  "validation_note": "",
  "validation_metrics": {
    "ras_only": {
      "TP": 32,
      "FP": 12,
      "TN": 16,
      "FN": 20,
      "Precision": 0.7272727272727273,
      "Recall": 0.6153846153846154,
      "F1": 0.6666666666666667,
      "False Positive Rate": 0.42857142857142855,
      "undefined": {
        "Precision": null,
        "Recall": null,
        "False Positive Rate": null
      }
    },
    "gis_only": {
      "TP": 36,
      "FP": 24,
      "TN": 4,
      "FN": 16,
      "Precision": 0.6,
      "Recall": 0.6923076923076923,
      "F1": 0.6428571428571429,
      "False Positive Rate": 0.8571428571428571,
      "undefined": {
        "Precision": null,
        "Recall": null,
        "False Positive Rate": null
      }
    },
    "dualrisk": {
      "TP": 32,
      "FP": 8,
      "TN": 20,
      "FN": 20,
      "Precision": 0.8,
      "Recall": 0.6153846153846154,
      "F1": 0.6956521739130435,
      "False Positive Rate": 0.2857142857142857,
      "undefined": {
        "Precision": null,
        "Recall": null,
        "False Positive Rate": null
      }
    },
    "dualrisk_cluster": {
      "TP": 52,
      "FP": 8,
      "TN": 20,
      "FN": 0,
      "Precision": 0.8666666666666667,
      "Recall": 1.0,
      "F1": 0.9285714285714286,
      "False Positive Rate": 0.2857142857142857,
      "undefined": {
        "Precision": null,
        "Recall": null,
        "False Positive Rate": null
      }
    }
  }
}