{
  "ras_only": {
    "TP": 52,
    "FP": 116,
    "TN": 80,
    "FN": 68,
    "Precision": 0.30952380952380953,
    "Recall": 0.43333333333333335,
    "F1": 0.3611111111111111,
    "False Positive Rate": 0.5918367346938775,
    "undefined": {
      "Precision": null,
      "Recall": null,
      "False Positive Rate": null
    }
  },
  "gis_only": {
    "TP": 18,
    "FP": 145,
    "TN": 51,
    "FN": 102,
    "Precision": 0.11042944785276074,
    "Recall": 0.15,
    "F1": 0.127208480565371,
    "False Positive Rate": 0.7397959183673469,
    "undefined": {
      "Precision": null,
      "Recall": null,
      "False Positive Rate": null
    }
  },
  "dualrisk": {
    "TP": 21,
    "FP": 114,
    "TN": 82,
    "FN": 99,
    "Precision": 0.15555555555555556,
    "Recall": 0.175,
    "F1": 0.16470588235294117,
    "False Positive Rate": 0.5816326530612245,
    "undefined": {
      "Precision": null,
      "Recall": null,
      "False Positive Rate": null
    }
  },
  "dualrisk_cluster": {
    "TP": 21,
    "FP": 114,
    "TN": 82,
    "FN": 99,
    "Precision": 0.15555555555555556,
    "Recall": 0.175,
    "F1": 0.16470588235294117,
    "False Positive Rate": 0.5816326530612245,
    "undefined": {
      "Precision": null,
      "Recall": null,
      "False Positive Rate": null
    }
  }
}