{
  "ras_only": {
    "TP": 52,
    "FP": 116,
    "TN": 80,
    "FN": 68,
    "Precision": 0.30952380952380953,
    "Recall": 0.43333333333333335,
    "F1": 0.3611111111111111,
    "False Positive Rate": 0.5918367346938775,
    "undefined": {
      "Precision": null,
      "Recall": null,
      "False Positive Rate": null
    }
  },
  "gis_only": {
    "TP": 48,
    "FP": 84,
    "TN": 112,
    "FN": 72,
    "Precision": 0.36363636363636365,
    "Recall": 0.4,
    "F1": 0.380952380952381,
    "False Positive Rate": 0.42857142857142855,
    "undefined": {
      "Precision": null,
      "Recall": null,
      "False Positive Rate": null
    }
  },
  "dualrisk": {
    "TP": 16,
    "FP": 60,
    "TN": 136,
    "FN": 104,
    "Precision": 0.21052631578947367,
    "Recall": 0.13333333333333333,
    "F1": 0.163265306122449,
    "False Positive Rate": 0.30612244897959184,
    "undefined": {
      "Precision": null,
      "Recall": null,
      "False Positive Rate": null
    }
  },
  "dualrisk_cluster": {
    "TP": 16,
    "FP": 60,
    "TN": 136,
    "FN": 104,
    "Precision": 0.21052631578947367,
    "Recall": 0.13333333333333333,
    "F1": 0.163265306122449,
    "False Positive Rate": 0.30612244897959184,
    "undefined": {
      "Precision": null,
      "Recall": null,
      "False Positive Rate": null
    }
  }
}