{
  "ras_only": {
    "TP": 480,
    "FP": 232,
    "TN": 20,
    "FN": 108,
    "Precision": 0.6741573033707865,
    "Recall": 0.8163265306122449,
    "F1": 0.7384615384615386,
    "False Positive Rate": 0.9206349206349206
  },
  "gis_only": {
    "TP": 416,
    "FP": 220,
    "TN": 32,
    "FN": 172,
    "Precision": 0.6540880503144654,
    "Recall": 0.7074829931972789,
    "F1": 0.6797385620915032,
    "False Positive Rate": 0.873015873015873
  },
  "dualrisk": {
    "TP": 480,
    "FP": 232,
    "TN": 20,
    "FN": 108,
    "Precision": 0.6741573033707865,
    "Recall": 0.8163265306122449,
    "F1": 0.7384615384615386,
    "False Positive Rate": 0.9206349206349206
  },
  "dualrisk_cluster": {
    "TP": 588,
    "FP": 232,
    "TN": 20,
    "FN": 0,
    "Precision": 0.7170731707317073,
    "Recall": 1.0,
    "F1": 0.8352272727272727,
    "False Positive Rate": 0.9206349206349206
  }
}